County,State
Benton County,AR
Maricopa County,AZ
San Diego County,CA
Santa Clara County,CA
San Mateo County,CA
San Joaquin County,CA
Alameda County,CA
Solano County,CA
Contra Costa County,CA
Los Angeles County,CA
San Bernardino County,CA
Orange County,CA
Riverside County,CA
Duval County,FL
Clay County,FL
Dekalb County,GA
Cobb County,GA
Barrow County,GA
Forsyth County,GA
Fulton County,GA
Gwinnett County,GA
Newton County,GA
Rockdale County,GA
Walton County,GA
Essex County,MA
Worcester County,MA
Hampden County,MA
Barnstable County,MA
Suffolk County,MA
Norfolk County,MA
Middlesex County,MA
Bristol County,MA
Plymouth County,MA
Baltimore County,MD
Baltimore City County,MD
Cumberland County,ME
York County,ME
Ramsey County,MN
Washington County,MN
St. Louis County,MO
Saint Charles County,MO
Jefferson County,MO
Rockingham County,NH
Hillsborough County,NH
Merrimack County,NH
Belknap County,NH
Carroll County,NH
Chesire County,NH
Grafton County,NH
Strafford County,NH
Sullivan County,NH
Orange County,NY
Rockland County,NY
Lane County,OR
Philadelphia County,PA
Delaware County,PA
Montgomery County,PA
Bucks County,PA
Providence County,RI
Hamilton County,TN
Shelby County,TN
Harris County,TX
Bexar County,TX
Dallas County,TX
Tarrant County,TX
Collin County,TX
Denton County,TX
Rockwall County,TX
El Paso County,TX
Salt Lake County,UT
Utah County,UT
Saint Croix County,WI
